Gene.Name,Comment,Group,Source,Rank,short_name
ABCB11,,Cancer Predisposition Gene (Rahman),"Rahman, N. Realizing the promise of cancer predisposition genes. Nature 505, 302-308 (2014).",1,CPG
ALK,,Cancer Predisposition Gene (Rahman),"Rahman, N. Realizing the promise of cancer predisposition genes. Nature 505, 302-308 (2014).",1,CPG
APC,glioma predisposition gene,Cancer Predisposition Gene (Rahman),"Rahman, N. Realizing the promise of cancer predisposition genes. Nature 505, 302-308 (2014).",1,CPG
ATM,glioma predisposition gene,Cancer Predisposition Gene (Rahman),"Rahman, N. Realizing the promise of cancer predisposition genes. Nature 505, 302-308 (2014).",1,CPG
AXIN2,,Cancer Predisposition Gene (Rahman),"Rahman, N. Realizing the promise of cancer predisposition genes. Nature 505, 302-308 (2014).",1,CPG
BAP1,,Cancer Predisposition Gene (Rahman),"Rahman, N. Realizing the promise of cancer predisposition genes. Nature 505, 302-308 (2014).",1,CPG
BLM,,Cancer Predisposition Gene (Rahman),"Rahman, N. Realizing the promise of cancer predisposition genes. Nature 505, 302-308 (2014).",1,CPG
BMPR1A,,Cancer Predisposition Gene (Rahman),"Rahman, N. Realizing the promise of cancer predisposition genes. Nature 505, 302-308 (2014).",1,CPG
BRCA1,,Cancer Predisposition Gene (Rahman),"Rahman, N. Realizing the promise of cancer predisposition genes. Nature 505, 302-308 (2014).",1,CPG
BRCA2,glioma predisposition gene,Cancer Predisposition Gene (Rahman),"Rahman, N. Realizing the promise of cancer predisposition genes. Nature 505, 302-308 (2014).",1,CPG
BRIP1,,Cancer Predisposition Gene (Rahman),"Rahman, N. Realizing the promise of cancer predisposition genes. Nature 505, 302-308 (2014).",1,CPG
BUB1B,,Cancer Predisposition Gene (Rahman),"Rahman, N. Realizing the promise of cancer predisposition genes. Nature 505, 302-308 (2014).",1,CPG
CBL,,Cancer Predisposition Gene (Rahman),"Rahman, N. Realizing the promise of cancer predisposition genes. Nature 505, 302-308 (2014).",1,CPG
CDC73,,Cancer Predisposition Gene (Rahman),"Rahman, N. Realizing the promise of cancer predisposition genes. Nature 505, 302-308 (2014).",1,CPG
CDH1,,Cancer Predisposition Gene (Rahman),"Rahman, N. Realizing the promise of cancer predisposition genes. Nature 505, 302-308 (2014).",1,CPG
CDK4,,Cancer Predisposition Gene (Rahman),"Rahman, N. Realizing the promise of cancer predisposition genes. Nature 505, 302-308 (2014).",1,CPG
CDKN1B,,Cancer Predisposition Gene (Rahman),"Rahman, N. Realizing the promise of cancer predisposition genes. Nature 505, 302-308 (2014).",1,CPG
CDKN2A,glioma predisposition gene,Cancer Predisposition Gene (Rahman),"Rahman, N. Realizing the promise of cancer predisposition genes. Nature 505, 302-308 (2014).",1,CPG
CEBPA,,Cancer Predisposition Gene (Rahman),"Rahman, N. Realizing the promise of cancer predisposition genes. Nature 505, 302-308 (2014).",1,CPG
CHEK2,,Cancer Predisposition Gene (Rahman),"Rahman, N. Realizing the promise of cancer predisposition genes. Nature 505, 302-308 (2014).",1,CPG
COL7A1,,Cancer Predisposition Gene (Rahman),"Rahman, N. Realizing the promise of cancer predisposition genes. Nature 505, 302-308 (2014).",1,CPG
CYLD,,Cancer Predisposition Gene (Rahman),"Rahman, N. Realizing the promise of cancer predisposition genes. Nature 505, 302-308 (2014).",1,CPG
DDB2,,Cancer Predisposition Gene (Rahman),"Rahman, N. Realizing the promise of cancer predisposition genes. Nature 505, 302-308 (2014).",1,CPG
DICER1,,Cancer Predisposition Gene (Rahman),"Rahman, N. Realizing the promise of cancer predisposition genes. Nature 505, 302-308 (2014).",1,CPG
DIS3L2,,Cancer Predisposition Gene (Rahman),"Rahman, N. Realizing the promise of cancer predisposition genes. Nature 505, 302-308 (2014).",1,CPG
DKC1,,Cancer Predisposition Gene (Rahman),"Rahman, N. Realizing the promise of cancer predisposition genes. Nature 505, 302-308 (2014).",1,CPG
DOCK8,,Cancer Predisposition Gene (Rahman),"Rahman, N. Realizing the promise of cancer predisposition genes. Nature 505, 302-308 (2014).",1,CPG
EGFR,,Cancer Predisposition Gene (Rahman),"Rahman, N. Realizing the promise of cancer predisposition genes. Nature 505, 302-308 (2014).",1,CPG
ELANE,,Cancer Predisposition Gene (Rahman),"Rahman, N. Realizing the promise of cancer predisposition genes. Nature 505, 302-308 (2014).",1,CPG
ERCC2,,Cancer Predisposition Gene (Rahman),"Rahman, N. Realizing the promise of cancer predisposition genes. Nature 505, 302-308 (2014).",1,CPG
ERCC3,,Cancer Predisposition Gene (Rahman),"Rahman, N. Realizing the promise of cancer predisposition genes. Nature 505, 302-308 (2014).",1,CPG
ERCC4,,Cancer Predisposition Gene (Rahman),"Rahman, N. Realizing the promise of cancer predisposition genes. Nature 505, 302-308 (2014).",1,CPG
ERCC5,,Cancer Predisposition Gene (Rahman),"Rahman, N. Realizing the promise of cancer predisposition genes. Nature 505, 302-308 (2014).",1,CPG
EXT1,,Cancer Predisposition Gene (Rahman),"Rahman, N. Realizing the promise of cancer predisposition genes. Nature 505, 302-308 (2014).",1,CPG
EXT2,,Cancer Predisposition Gene (Rahman),"Rahman, N. Realizing the promise of cancer predisposition genes. Nature 505, 302-308 (2014).",1,CPG
FAH,,Cancer Predisposition Gene (Rahman),"Rahman, N. Realizing the promise of cancer predisposition genes. Nature 505, 302-308 (2014).",1,CPG
FANCA,,Cancer Predisposition Gene (Rahman),"Rahman, N. Realizing the promise of cancer predisposition genes. Nature 505, 302-308 (2014).",1,CPG
FANCC,,Cancer Predisposition Gene (Rahman),"Rahman, N. Realizing the promise of cancer predisposition genes. Nature 505, 302-308 (2014).",1,CPG
FANCG,,Cancer Predisposition Gene (Rahman),"Rahman, N. Realizing the promise of cancer predisposition genes. Nature 505, 302-308 (2014).",1,CPG
FH,,Cancer Predisposition Gene (Rahman),"Rahman, N. Realizing the promise of cancer predisposition genes. Nature 505, 302-308 (2014).",1,CPG
FLCN,,Cancer Predisposition Gene (Rahman),"Rahman, N. Realizing the promise of cancer predisposition genes. Nature 505, 302-308 (2014).",1,CPG
GATA2,,Cancer Predisposition Gene (Rahman),"Rahman, N. Realizing the promise of cancer predisposition genes. Nature 505, 302-308 (2014).",1,CPG
GBA,,Cancer Predisposition Gene (Rahman),"Rahman, N. Realizing the promise of cancer predisposition genes. Nature 505, 302-308 (2014).",1,CPG
GJB2,,Cancer Predisposition Gene (Rahman),"Rahman, N. Realizing the promise of cancer predisposition genes. Nature 505, 302-308 (2014).",1,CPG
GPC3,,Cancer Predisposition Gene (Rahman),"Rahman, N. Realizing the promise of cancer predisposition genes. Nature 505, 302-308 (2014).",1,CPG
HFE,,Cancer Predisposition Gene (Rahman),"Rahman, N. Realizing the promise of cancer predisposition genes. Nature 505, 302-308 (2014).",1,CPG
HMBS,,Cancer Predisposition Gene (Rahman),"Rahman, N. Realizing the promise of cancer predisposition genes. Nature 505, 302-308 (2014).",1,CPG
HRAS,,Cancer Predisposition Gene (Rahman),"Rahman, N. Realizing the promise of cancer predisposition genes. Nature 505, 302-308 (2014).",1,CPG
ITK,,Cancer Predisposition Gene (Rahman),"Rahman, N. Realizing the promise of cancer predisposition genes. Nature 505, 302-308 (2014).",1,CPG
KIT,,Cancer Predisposition Gene (Rahman),"Rahman, N. Realizing the promise of cancer predisposition genes. Nature 505, 302-308 (2014).",1,CPG
MAX,,Cancer Predisposition Gene (Rahman),"Rahman, N. Realizing the promise of cancer predisposition genes. Nature 505, 302-308 (2014).",1,CPG
MEN1,,Cancer Predisposition Gene (Rahman),"Rahman, N. Realizing the promise of cancer predisposition genes. Nature 505, 302-308 (2014).",1,CPG
MET,,Cancer Predisposition Gene (Rahman),"Rahman, N. Realizing the promise of cancer predisposition genes. Nature 505, 302-308 (2014).",1,CPG
MLH1,glioma predisposition gene,Cancer Predisposition Gene (Rahman),"Rahman, N. Realizing the promise of cancer predisposition genes. Nature 505, 302-308 (2014).",1,CPG
MSH2,glioma predisposition gene,Cancer Predisposition Gene (Rahman),"Rahman, N. Realizing the promise of cancer predisposition genes. Nature 505, 302-308 (2014).",1,CPG
MSH6,glioma predisposition gene,Cancer Predisposition Gene (Rahman),"Rahman, N. Realizing the promise of cancer predisposition genes. Nature 505, 302-308 (2014).",1,CPG
MTAP,,Cancer Predisposition Gene (Rahman),"Rahman, N. Realizing the promise of cancer predisposition genes. Nature 505, 302-308 (2014).",1,CPG
MUTYH,,Cancer Predisposition Gene (Rahman),"Rahman, N. Realizing the promise of cancer predisposition genes. Nature 505, 302-308 (2014).",1,CPG
NBN,glioma predisposition gene,Cancer Predisposition Gene (Rahman),"Rahman, N. Realizing the promise of cancer predisposition genes. Nature 505, 302-308 (2014).",1,CPG
NF1,glioma predisposition gene,Cancer Predisposition Gene (Rahman),"Rahman, N. Realizing the promise of cancer predisposition genes. Nature 505, 302-308 (2014).",1,CPG
NF2,glioma predisposition gene,Cancer Predisposition Gene (Rahman),"Rahman, N. Realizing the promise of cancer predisposition genes. Nature 505, 302-308 (2014).",1,CPG
PALB2,,Cancer Predisposition Gene (Rahman),"Rahman, N. Realizing the promise of cancer predisposition genes. Nature 505, 302-308 (2014).",1,CPG
PDGFRA,,Cancer Predisposition Gene (Rahman),"Rahman, N. Realizing the promise of cancer predisposition genes. Nature 505, 302-308 (2014).",1,CPG
PHOX2B,,Cancer Predisposition Gene (Rahman),"Rahman, N. Realizing the promise of cancer predisposition genes. Nature 505, 302-308 (2014).",1,CPG
PMS2,glioma predisposition gene,Cancer Predisposition Gene (Rahman),"Rahman, N. Realizing the promise of cancer predisposition genes. Nature 505, 302-308 (2014).",1,CPG
POLD1,,Cancer Predisposition Gene (Rahman),"Rahman, N. Realizing the promise of cancer predisposition genes. Nature 505, 302-308 (2014).",1,CPG
POLE,,Cancer Predisposition Gene (Rahman),"Rahman, N. Realizing the promise of cancer predisposition genes. Nature 505, 302-308 (2014).",1,CPG
POLH,,Cancer Predisposition Gene (Rahman),"Rahman, N. Realizing the promise of cancer predisposition genes. Nature 505, 302-308 (2014).",1,CPG
PRKAR1A,,Cancer Predisposition Gene (Rahman),"Rahman, N. Realizing the promise of cancer predisposition genes. Nature 505, 302-308 (2014).",1,CPG
PRSS1,,Cancer Predisposition Gene (Rahman),"Rahman, N. Realizing the promise of cancer predisposition genes. Nature 505, 302-308 (2014).",1,CPG
PTCH1,,Cancer Predisposition Gene (Rahman),"Rahman, N. Realizing the promise of cancer predisposition genes. Nature 505, 302-308 (2014).",1,CPG
PTEN,glioma predisposition gene,Cancer Predisposition Gene (Rahman),"Rahman, N. Realizing the promise of cancer predisposition genes. Nature 505, 302-308 (2014).",1,CPG
PTPN11,,Cancer Predisposition Gene (Rahman),"Rahman, N. Realizing the promise of cancer predisposition genes. Nature 505, 302-308 (2014).",1,CPG
RAD51C,,Cancer Predisposition Gene (Rahman),"Rahman, N. Realizing the promise of cancer predisposition genes. Nature 505, 302-308 (2014).",1,CPG
RAD51D,,Cancer Predisposition Gene (Rahman),"Rahman, N. Realizing the promise of cancer predisposition genes. Nature 505, 302-308 (2014).",1,CPG
RB1,,Cancer Predisposition Gene (Rahman),"Rahman, N. Realizing the promise of cancer predisposition genes. Nature 505, 302-308 (2014).",1,CPG
RECQL4,,Cancer Predisposition Gene (Rahman),"Rahman, N. Realizing the promise of cancer predisposition genes. Nature 505, 302-308 (2014).",1,CPG
RET,,Cancer Predisposition Gene (Rahman),"Rahman, N. Realizing the promise of cancer predisposition genes. Nature 505, 302-308 (2014).",1,CPG
RHBDF2,,Cancer Predisposition Gene (Rahman),"Rahman, N. Realizing the promise of cancer predisposition genes. Nature 505, 302-308 (2014).",1,CPG
RMRP,,Cancer Predisposition Gene (Rahman),"Rahman, N. Realizing the promise of cancer predisposition genes. Nature 505, 302-308 (2014).",1,CPG
RUNX1,,Cancer Predisposition Gene (Rahman),"Rahman, N. Realizing the promise of cancer predisposition genes. Nature 505, 302-308 (2014).",1,CPG
SBDS,,Cancer Predisposition Gene (Rahman),"Rahman, N. Realizing the promise of cancer predisposition genes. Nature 505, 302-308 (2014).",1,CPG
SDHA,,Cancer Predisposition Gene (Rahman),"Rahman, N. Realizing the promise of cancer predisposition genes. Nature 505, 302-308 (2014).",1,CPG
SDHAF2,,Cancer Predisposition Gene (Rahman),"Rahman, N. Realizing the promise of cancer predisposition genes. Nature 505, 302-308 (2014).",1,CPG
SDHB,,Cancer Predisposition Gene (Rahman),"Rahman, N. Realizing the promise of cancer predisposition genes. Nature 505, 302-308 (2014).",1,CPG
SDHC,,Cancer Predisposition Gene (Rahman),"Rahman, N. Realizing the promise of cancer predisposition genes. Nature 505, 302-308 (2014).",1,CPG
SDHD,,Cancer Predisposition Gene (Rahman),"Rahman, N. Realizing the promise of cancer predisposition genes. Nature 505, 302-308 (2014).",1,CPG
SERPINA1,,Cancer Predisposition Gene (Rahman),"Rahman, N. Realizing the promise of cancer predisposition genes. Nature 505, 302-308 (2014).",1,CPG
SH2D1A,,Cancer Predisposition Gene (Rahman),"Rahman, N. Realizing the promise of cancer predisposition genes. Nature 505, 302-308 (2014).",1,CPG
SLC25A13,,Cancer Predisposition Gene (Rahman),"Rahman, N. Realizing the promise of cancer predisposition genes. Nature 505, 302-308 (2014).",1,CPG
SMAD4,,Cancer Predisposition Gene (Rahman),"Rahman, N. Realizing the promise of cancer predisposition genes. Nature 505, 302-308 (2014).",1,CPG
SMARCA4,,Cancer Predisposition Gene (Rahman),"Rahman, N. Realizing the promise of cancer predisposition genes. Nature 505, 302-308 (2014).",1,CPG
SMARCB1,,Cancer Predisposition Gene (Rahman),"Rahman, N. Realizing the promise of cancer predisposition genes. Nature 505, 302-308 (2014).",1,CPG
SMARCE1,,Cancer Predisposition Gene (Rahman),"Rahman, N. Realizing the promise of cancer predisposition genes. Nature 505, 302-308 (2014).",1,CPG
SOS1,,Cancer Predisposition Gene (Rahman),"Rahman, N. Realizing the promise of cancer predisposition genes. Nature 505, 302-308 (2014).",1,CPG
SRY,,Cancer Predisposition Gene (Rahman),"Rahman, N. Realizing the promise of cancer predisposition genes. Nature 505, 302-308 (2014).",1,CPG
STAT3,,Cancer Predisposition Gene (Rahman),"Rahman, N. Realizing the promise of cancer predisposition genes. Nature 505, 302-308 (2014).",1,CPG
STK11,,Cancer Predisposition Gene (Rahman),"Rahman, N. Realizing the promise of cancer predisposition genes. Nature 505, 302-308 (2014).",1,CPG
SUFU,,Cancer Predisposition Gene (Rahman),"Rahman, N. Realizing the promise of cancer predisposition genes. Nature 505, 302-308 (2014).",1,CPG
TERT,,Cancer Predisposition Gene (Rahman),"Rahman, N. Realizing the promise of cancer predisposition genes. Nature 505, 302-308 (2014).",1,CPG
TGFBR1,,Cancer Predisposition Gene (Rahman),"Rahman, N. Realizing the promise of cancer predisposition genes. Nature 505, 302-308 (2014).",1,CPG
TMEM127,,Cancer Predisposition Gene (Rahman),"Rahman, N. Realizing the promise of cancer predisposition genes. Nature 505, 302-308 (2014).",1,CPG
TNFRSF6 (FAS),,Cancer Predisposition Gene (Rahman),"Rahman, N. Realizing the promise of cancer predisposition genes. Nature 505, 302-308 (2014).",1,CPG
TP53,glioma predisposition gene,Cancer Predisposition Gene (Rahman),"Rahman, N. Realizing the promise of cancer predisposition genes. Nature 505, 302-308 (2014).",1,CPG
TRIM37,,Cancer Predisposition Gene (Rahman),"Rahman, N. Realizing the promise of cancer predisposition genes. Nature 505, 302-308 (2014).",1,CPG
TSC1,glioma predisposition gene,Cancer Predisposition Gene (Rahman),"Rahman, N. Realizing the promise of cancer predisposition genes. Nature 505, 302-308 (2014).",1,CPG
TSC2,glioma predisposition gene,Cancer Predisposition Gene (Rahman),"Rahman, N. Realizing the promise of cancer predisposition genes. Nature 505, 302-308 (2014).",1,CPG
UROD,,Cancer Predisposition Gene (Rahman),"Rahman, N. Realizing the promise of cancer predisposition genes. Nature 505, 302-308 (2014).",1,CPG
VHL,,Cancer Predisposition Gene (Rahman),"Rahman, N. Realizing the promise of cancer predisposition genes. Nature 505, 302-308 (2014).",1,CPG
WAS,,Cancer Predisposition Gene (Rahman),"Rahman, N. Realizing the promise of cancer predisposition genes. Nature 505, 302-308 (2014).",1,CPG
WRN,,Cancer Predisposition Gene (Rahman),"Rahman, N. Realizing the promise of cancer predisposition genes. Nature 505, 302-308 (2014).",1,CPG
WT1,,Cancer Predisposition Gene (Rahman),"Rahman, N. Realizing the promise of cancer predisposition genes. Nature 505, 302-308 (2014).",1,CPG
XPA,,Cancer Predisposition Gene (Rahman),"Rahman, N. Realizing the promise of cancer predisposition genes. Nature 505, 302-308 (2014).",1,CPG
XPC,,Cancer Predisposition Gene (Rahman),"Rahman, N. Realizing the promise of cancer predisposition genes. Nature 505, 302-308 (2014).",1,CPG
UNG,Base excision repair (BER),DNA Damage Repair Gene,https://www.mdanderson.org/documents/Labs/Wood-Laboratory/human-dna-repair-genes.html,2,DDR
SMUG1,Base excision repair (BER),DNA Damage Repair Gene,https://www.mdanderson.org/documents/Labs/Wood-Laboratory/human-dna-repair-genes.html,2,DDR
MBD4,Base excision repair (BER),DNA Damage Repair Gene,https://www.mdanderson.org/documents/Labs/Wood-Laboratory/human-dna-repair-genes.html,2,DDR
TDG,Base excision repair (BER),DNA Damage Repair Gene,https://www.mdanderson.org/documents/Labs/Wood-Laboratory/human-dna-repair-genes.html,2,DDR
OGG1,Base excision repair (BER),DNA Damage Repair Gene,https://www.mdanderson.org/documents/Labs/Wood-Laboratory/human-dna-repair-genes.html,2,DDR
MUTYH,Base excision repair (BER),DNA Damage Repair Gene,https://www.mdanderson.org/documents/Labs/Wood-Laboratory/human-dna-repair-genes.html,2,DDR
NTHL1,Base excision repair (BER),DNA Damage Repair Gene,https://www.mdanderson.org/documents/Labs/Wood-Laboratory/human-dna-repair-genes.html,2,DDR
MPG,Base excision repair (BER),DNA Damage Repair Gene,https://www.mdanderson.org/documents/Labs/Wood-Laboratory/human-dna-repair-genes.html,2,DDR
NEIL1,Base excision repair (BER),DNA Damage Repair Gene,https://www.mdanderson.org/documents/Labs/Wood-Laboratory/human-dna-repair-genes.html,2,DDR
NEIL2,Base excision repair (BER),DNA Damage Repair Gene,https://www.mdanderson.org/documents/Labs/Wood-Laboratory/human-dna-repair-genes.html,2,DDR
NEIL3,Base excision repair (BER),DNA Damage Repair Gene,https://www.mdanderson.org/documents/Labs/Wood-Laboratory/human-dna-repair-genes.html,2,DDR
APEX1,Other BER and strand break joining factors,DNA Damage Repair Gene,https://www.mdanderson.org/documents/Labs/Wood-Laboratory/human-dna-repair-genes.html,2,DDR
APEX2,Other BER and strand break joining factors,DNA Damage Repair Gene,https://www.mdanderson.org/documents/Labs/Wood-Laboratory/human-dna-repair-genes.html,2,DDR
LIG3,Other BER and strand break joining factors,DNA Damage Repair Gene,https://www.mdanderson.org/documents/Labs/Wood-Laboratory/human-dna-repair-genes.html,2,DDR
XRCC1,Other BER and strand break joining factors,DNA Damage Repair Gene,https://www.mdanderson.org/documents/Labs/Wood-Laboratory/human-dna-repair-genes.html,2,DDR
PNKP,Other BER and strand break joining factors,DNA Damage Repair Gene,https://www.mdanderson.org/documents/Labs/Wood-Laboratory/human-dna-repair-genes.html,2,DDR
APLF,Other BER and strand break joining factors,DNA Damage Repair Gene,https://www.mdanderson.org/documents/Labs/Wood-Laboratory/human-dna-repair-genes.html,2,DDR
PARP1,Poly(ADP-ribose) polymerase (PARP) enzymes that bind to DNA,DNA Damage Repair Gene,https://www.mdanderson.org/documents/Labs/Wood-Laboratory/human-dna-repair-genes.html,2,DDR
PARP2,Poly(ADP-ribose) polymerase (PARP) enzymes that bind to DNA,DNA Damage Repair Gene,https://www.mdanderson.org/documents/Labs/Wood-Laboratory/human-dna-repair-genes.html,2,DDR
PARP3,Poly(ADP-ribose) polymerase (PARP) enzymes that bind to DNA,DNA Damage Repair Gene,https://www.mdanderson.org/documents/Labs/Wood-Laboratory/human-dna-repair-genes.html,2,DDR
MGMT,Direct reversal of damage,DNA Damage Repair Gene,https://www.mdanderson.org/documents/Labs/Wood-Laboratory/human-dna-repair-genes.html,2,DDR
ALKBH2,Direct reversal of damage,DNA Damage Repair Gene,https://www.mdanderson.org/documents/Labs/Wood-Laboratory/human-dna-repair-genes.html,2,DDR
ALKBH3,Direct reversal of damage,DNA Damage Repair Gene,https://www.mdanderson.org/documents/Labs/Wood-Laboratory/human-dna-repair-genes.html,2,DDR
TDP1,Repair of DNA-topoisomerase crosslinks,DNA Damage Repair Gene,https://www.mdanderson.org/documents/Labs/Wood-Laboratory/human-dna-repair-genes.html,2,DDR
TDP2,Repair of DNA-topoisomerase crosslinks,DNA Damage Repair Gene,https://www.mdanderson.org/documents/Labs/Wood-Laboratory/human-dna-repair-genes.html,2,DDR
MSH2,Mismatch excision repair (MMR),DNA Damage Repair Gene,https://www.mdanderson.org/documents/Labs/Wood-Laboratory/human-dna-repair-genes.html,2,DDR
MSH3,Mismatch excision repair (MMR),DNA Damage Repair Gene,https://www.mdanderson.org/documents/Labs/Wood-Laboratory/human-dna-repair-genes.html,2,DDR
MSH6,Mismatch excision repair (MMR),DNA Damage Repair Gene,https://www.mdanderson.org/documents/Labs/Wood-Laboratory/human-dna-repair-genes.html,2,DDR
MLH1,Mismatch excision repair (MMR),DNA Damage Repair Gene,https://www.mdanderson.org/documents/Labs/Wood-Laboratory/human-dna-repair-genes.html,2,DDR
PMS2,Mismatch excision repair (MMR),DNA Damage Repair Gene,https://www.mdanderson.org/documents/Labs/Wood-Laboratory/human-dna-repair-genes.html,2,DDR
MSH4,Mismatch excision repair (MMR),DNA Damage Repair Gene,https://www.mdanderson.org/documents/Labs/Wood-Laboratory/human-dna-repair-genes.html,2,DDR
MSH5,Mismatch excision repair (MMR),DNA Damage Repair Gene,https://www.mdanderson.org/documents/Labs/Wood-Laboratory/human-dna-repair-genes.html,2,DDR
MLH3,Mismatch excision repair (MMR),DNA Damage Repair Gene,https://www.mdanderson.org/documents/Labs/Wood-Laboratory/human-dna-repair-genes.html,2,DDR
PMS1,Mismatch excision repair (MMR),DNA Damage Repair Gene,https://www.mdanderson.org/documents/Labs/Wood-Laboratory/human-dna-repair-genes.html,2,DDR
PMS2L3,Mismatch excision repair (MMR),DNA Damage Repair Gene,https://www.mdanderson.org/documents/Labs/Wood-Laboratory/human-dna-repair-genes.html,2,DDR
XPC,Nucleotide excision repair (NER),DNA Damage Repair Gene,https://www.mdanderson.org/documents/Labs/Wood-Laboratory/human-dna-repair-genes.html,2,DDR
RAD23B,Nucleotide excision repair (NER),DNA Damage Repair Gene,https://www.mdanderson.org/documents/Labs/Wood-Laboratory/human-dna-repair-genes.html,2,DDR
CETN2,Nucleotide excision repair (NER),DNA Damage Repair Gene,https://www.mdanderson.org/documents/Labs/Wood-Laboratory/human-dna-repair-genes.html,2,DDR
RAD23A,Nucleotide excision repair (NER),DNA Damage Repair Gene,https://www.mdanderson.org/documents/Labs/Wood-Laboratory/human-dna-repair-genes.html,2,DDR
XPA,Nucleotide excision repair (NER),DNA Damage Repair Gene,https://www.mdanderson.org/documents/Labs/Wood-Laboratory/human-dna-repair-genes.html,2,DDR
DDB1,Nucleotide excision repair (NER),DNA Damage Repair Gene,https://www.mdanderson.org/documents/Labs/Wood-Laboratory/human-dna-repair-genes.html,2,DDR
DDB2,Nucleotide excision repair (NER),DNA Damage Repair Gene,https://www.mdanderson.org/documents/Labs/Wood-Laboratory/human-dna-repair-genes.html,2,DDR
RPA1,Nucleotide excision repair (NER),DNA Damage Repair Gene,https://www.mdanderson.org/documents/Labs/Wood-Laboratory/human-dna-repair-genes.html,2,DDR
RPA2,Nucleotide excision repair (NER),DNA Damage Repair Gene,https://www.mdanderson.org/documents/Labs/Wood-Laboratory/human-dna-repair-genes.html,2,DDR
RPA3,Nucleotide excision repair (NER),DNA Damage Repair Gene,https://www.mdanderson.org/documents/Labs/Wood-Laboratory/human-dna-repair-genes.html,2,DDR
TFIIH,Nucleotide excision repair (NER),DNA Damage Repair Gene,https://www.mdanderson.org/documents/Labs/Wood-Laboratory/human-dna-repair-genes.html,2,DDR
ERCC3,Nucleotide excision repair (NER),DNA Damage Repair Gene,https://www.mdanderson.org/documents/Labs/Wood-Laboratory/human-dna-repair-genes.html,2,DDR
ERCC2,Nucleotide excision repair (NER),DNA Damage Repair Gene,https://www.mdanderson.org/documents/Labs/Wood-Laboratory/human-dna-repair-genes.html,2,DDR
GTF2H1,Nucleotide excision repair (NER),DNA Damage Repair Gene,https://www.mdanderson.org/documents/Labs/Wood-Laboratory/human-dna-repair-genes.html,2,DDR
GTF2H2,Nucleotide excision repair (NER),DNA Damage Repair Gene,https://www.mdanderson.org/documents/Labs/Wood-Laboratory/human-dna-repair-genes.html,2,DDR
GTF2H3,Nucleotide excision repair (NER),DNA Damage Repair Gene,https://www.mdanderson.org/documents/Labs/Wood-Laboratory/human-dna-repair-genes.html,2,DDR
GTF2H4,Nucleotide excision repair (NER),DNA Damage Repair Gene,https://www.mdanderson.org/documents/Labs/Wood-Laboratory/human-dna-repair-genes.html,2,DDR
GTF2H5,Nucleotide excision repair (NER),DNA Damage Repair Gene,https://www.mdanderson.org/documents/Labs/Wood-Laboratory/human-dna-repair-genes.html,2,DDR
CDK7,Nucleotide excision repair (NER),DNA Damage Repair Gene,https://www.mdanderson.org/documents/Labs/Wood-Laboratory/human-dna-repair-genes.html,2,DDR
CCNH,Nucleotide excision repair (NER),DNA Damage Repair Gene,https://www.mdanderson.org/documents/Labs/Wood-Laboratory/human-dna-repair-genes.html,2,DDR
MNAT1,Nucleotide excision repair (NER),DNA Damage Repair Gene,https://www.mdanderson.org/documents/Labs/Wood-Laboratory/human-dna-repair-genes.html,2,DDR
ERCC5,Nucleotide excision repair (NER),DNA Damage Repair Gene,https://www.mdanderson.org/documents/Labs/Wood-Laboratory/human-dna-repair-genes.html,2,DDR
ERCC1,Nucleotide excision repair (NER),DNA Damage Repair Gene,https://www.mdanderson.org/documents/Labs/Wood-Laboratory/human-dna-repair-genes.html,2,DDR
ERCC4,Nucleotide excision repair (NER),DNA Damage Repair Gene,https://www.mdanderson.org/documents/Labs/Wood-Laboratory/human-dna-repair-genes.html,2,DDR
LIG1,Nucleotide excision repair (NER),DNA Damage Repair Gene,https://www.mdanderson.org/documents/Labs/Wood-Laboratory/human-dna-repair-genes.html,2,DDR
ERCC8,NER-related,DNA Damage Repair Gene,https://www.mdanderson.org/documents/Labs/Wood-Laboratory/human-dna-repair-genes.html,2,DDR
ERCC6,NER-related,DNA Damage Repair Gene,https://www.mdanderson.org/documents/Labs/Wood-Laboratory/human-dna-repair-genes.html,2,DDR
UVSSA,NER-related,DNA Damage Repair Gene,https://www.mdanderson.org/documents/Labs/Wood-Laboratory/human-dna-repair-genes.html,2,DDR
XAB2,NER-related,DNA Damage Repair Gene,https://www.mdanderson.org/documents/Labs/Wood-Laboratory/human-dna-repair-genes.html,2,DDR
MMS19,NER-related,DNA Damage Repair Gene,https://www.mdanderson.org/documents/Labs/Wood-Laboratory/human-dna-repair-genes.html,2,DDR
RAD51,Homologous recombination,DNA Damage Repair Gene,https://www.mdanderson.org/documents/Labs/Wood-Laboratory/human-dna-repair-genes.html,2,DDR
RAD51B,Homologous recombination,DNA Damage Repair Gene,https://www.mdanderson.org/documents/Labs/Wood-Laboratory/human-dna-repair-genes.html,2,DDR
RAD51D,Homologous recombination,DNA Damage Repair Gene,https://www.mdanderson.org/documents/Labs/Wood-Laboratory/human-dna-repair-genes.html,2,DDR
DMC1,Homologous recombination,DNA Damage Repair Gene,https://www.mdanderson.org/documents/Labs/Wood-Laboratory/human-dna-repair-genes.html,2,DDR
XRCC2,Homologous recombination,DNA Damage Repair Gene,https://www.mdanderson.org/documents/Labs/Wood-Laboratory/human-dna-repair-genes.html,2,DDR
XRCC3,Homologous recombination,DNA Damage Repair Gene,https://www.mdanderson.org/documents/Labs/Wood-Laboratory/human-dna-repair-genes.html,2,DDR
RAD52,Homologous recombination,DNA Damage Repair Gene,https://www.mdanderson.org/documents/Labs/Wood-Laboratory/human-dna-repair-genes.html,2,DDR
RAD54L,Homologous recombination,DNA Damage Repair Gene,https://www.mdanderson.org/documents/Labs/Wood-Laboratory/human-dna-repair-genes.html,2,DDR
RAD54B,Homologous recombination,DNA Damage Repair Gene,https://www.mdanderson.org/documents/Labs/Wood-Laboratory/human-dna-repair-genes.html,2,DDR
BRCA1,Homologous recombination,DNA Damage Repair Gene,https://www.mdanderson.org/documents/Labs/Wood-Laboratory/human-dna-repair-genes.html,2,DDR
SHFM1,Homologous recombination,DNA Damage Repair Gene,https://www.mdanderson.org/documents/Labs/Wood-Laboratory/human-dna-repair-genes.html,2,DDR
RAD50,Homologous recombination,DNA Damage Repair Gene,https://www.mdanderson.org/documents/Labs/Wood-Laboratory/human-dna-repair-genes.html,2,DDR
MRE11A,Homologous recombination,DNA Damage Repair Gene,https://www.mdanderson.org/documents/Labs/Wood-Laboratory/human-dna-repair-genes.html,2,DDR
NBN,Homologous recombination,DNA Damage Repair Gene,https://www.mdanderson.org/documents/Labs/Wood-Laboratory/human-dna-repair-genes.html,2,DDR
RBBP8,Homologous recombination,DNA Damage Repair Gene,https://www.mdanderson.org/documents/Labs/Wood-Laboratory/human-dna-repair-genes.html,2,DDR
MUS81,Homologous recombination,DNA Damage Repair Gene,https://www.mdanderson.org/documents/Labs/Wood-Laboratory/human-dna-repair-genes.html,2,DDR
EME1,Homologous recombination,DNA Damage Repair Gene,https://www.mdanderson.org/documents/Labs/Wood-Laboratory/human-dna-repair-genes.html,2,DDR
EME2,Homologous recombination,DNA Damage Repair Gene,https://www.mdanderson.org/documents/Labs/Wood-Laboratory/human-dna-repair-genes.html,2,DDR
GIYD1,Homologous recombination,DNA Damage Repair Gene,https://www.mdanderson.org/documents/Labs/Wood-Laboratory/human-dna-repair-genes.html,2,DDR
GIYD2,Homologous recombination,DNA Damage Repair Gene,https://www.mdanderson.org/documents/Labs/Wood-Laboratory/human-dna-repair-genes.html,2,DDR
GEN1,Homologous recombination,DNA Damage Repair Gene,https://www.mdanderson.org/documents/Labs/Wood-Laboratory/human-dna-repair-genes.html,2,DDR
FANCA,Fanconi anemia,DNA Damage Repair Gene,https://www.mdanderson.org/documents/Labs/Wood-Laboratory/human-dna-repair-genes.html,2,DDR
FANCB,Fanconi anemia,DNA Damage Repair Gene,https://www.mdanderson.org/documents/Labs/Wood-Laboratory/human-dna-repair-genes.html,2,DDR
FANCC,Fanconi anemia,DNA Damage Repair Gene,https://www.mdanderson.org/documents/Labs/Wood-Laboratory/human-dna-repair-genes.html,2,DDR
BRCA2,Fanconi anemia,DNA Damage Repair Gene,https://www.mdanderson.org/documents/Labs/Wood-Laboratory/human-dna-repair-genes.html,2,DDR
FANCD2,Fanconi anemia,DNA Damage Repair Gene,https://www.mdanderson.org/documents/Labs/Wood-Laboratory/human-dna-repair-genes.html,2,DDR
FANCE,Fanconi anemia,DNA Damage Repair Gene,https://www.mdanderson.org/documents/Labs/Wood-Laboratory/human-dna-repair-genes.html,2,DDR
FANCF,Fanconi anemia,DNA Damage Repair Gene,https://www.mdanderson.org/documents/Labs/Wood-Laboratory/human-dna-repair-genes.html,2,DDR
FANCG,Fanconi anemia,DNA Damage Repair Gene,https://www.mdanderson.org/documents/Labs/Wood-Laboratory/human-dna-repair-genes.html,2,DDR
FANCI,Fanconi anemia,DNA Damage Repair Gene,https://www.mdanderson.org/documents/Labs/Wood-Laboratory/human-dna-repair-genes.html,2,DDR
BRIP1,Fanconi anemia,DNA Damage Repair Gene,https://www.mdanderson.org/documents/Labs/Wood-Laboratory/human-dna-repair-genes.html,2,DDR
FANCL,Fanconi anemia,DNA Damage Repair Gene,https://www.mdanderson.org/documents/Labs/Wood-Laboratory/human-dna-repair-genes.html,2,DDR
FANCM,Fanconi anemia,DNA Damage Repair Gene,https://www.mdanderson.org/documents/Labs/Wood-Laboratory/human-dna-repair-genes.html,2,DDR
PALB2,Fanconi anemia,DNA Damage Repair Gene,https://www.mdanderson.org/documents/Labs/Wood-Laboratory/human-dna-repair-genes.html,2,DDR
RAD51C,Fanconi anemia,DNA Damage Repair Gene,https://www.mdanderson.org/documents/Labs/Wood-Laboratory/human-dna-repair-genes.html,2,DDR
BTBD12,Fanconi anemia,DNA Damage Repair Gene,https://www.mdanderson.org/documents/Labs/Wood-Laboratory/human-dna-repair-genes.html,2,DDR
FAAP20,Fanconi anemia,DNA Damage Repair Gene,https://www.mdanderson.org/documents/Labs/Wood-Laboratory/human-dna-repair-genes.html,2,DDR
FAAP24,Fanconi anemia,DNA Damage Repair Gene,https://www.mdanderson.org/documents/Labs/Wood-Laboratory/human-dna-repair-genes.html,2,DDR
XRCC6,Non-homologous end-joining,DNA Damage Repair Gene,https://www.mdanderson.org/documents/Labs/Wood-Laboratory/human-dna-repair-genes.html,2,DDR
XRCC5,Non-homologous end-joining,DNA Damage Repair Gene,https://www.mdanderson.org/documents/Labs/Wood-Laboratory/human-dna-repair-genes.html,2,DDR
PRKDC,Non-homologous end-joining,DNA Damage Repair Gene,https://www.mdanderson.org/documents/Labs/Wood-Laboratory/human-dna-repair-genes.html,2,DDR
LIG4,Non-homologous end-joining,DNA Damage Repair Gene,https://www.mdanderson.org/documents/Labs/Wood-Laboratory/human-dna-repair-genes.html,2,DDR
XRCC4,Non-homologous end-joining,DNA Damage Repair Gene,https://www.mdanderson.org/documents/Labs/Wood-Laboratory/human-dna-repair-genes.html,2,DDR
DCLRE1C,Non-homologous end-joining,DNA Damage Repair Gene,https://www.mdanderson.org/documents/Labs/Wood-Laboratory/human-dna-repair-genes.html,2,DDR
NHEJ1,Non-homologous end-joining,DNA Damage Repair Gene,https://www.mdanderson.org/documents/Labs/Wood-Laboratory/human-dna-repair-genes.html,2,DDR
NUDT1,Modulation of nucleotide pools,DNA Damage Repair Gene,https://www.mdanderson.org/documents/Labs/Wood-Laboratory/human-dna-repair-genes.html,2,DDR
DUT,Modulation of nucleotide pools,DNA Damage Repair Gene,https://www.mdanderson.org/documents/Labs/Wood-Laboratory/human-dna-repair-genes.html,2,DDR
RRM2B,Modulation of nucleotide pools,DNA Damage Repair Gene,https://www.mdanderson.org/documents/Labs/Wood-Laboratory/human-dna-repair-genes.html,2,DDR
POLB,DNA polymerases (catalytic subunits),DNA Damage Repair Gene,https://www.mdanderson.org/documents/Labs/Wood-Laboratory/human-dna-repair-genes.html,2,DDR
POLG,DNA polymerases (catalytic subunits),DNA Damage Repair Gene,https://www.mdanderson.org/documents/Labs/Wood-Laboratory/human-dna-repair-genes.html,2,DDR
POLE,DNA polymerases (catalytic subunits),DNA Damage Repair Gene,https://www.mdanderson.org/documents/Labs/Wood-Laboratory/human-dna-repair-genes.html,2,DDR
PCNA,DNA polymerases (catalytic subunits),DNA Damage Repair Gene,https://www.mdanderson.org/documents/Labs/Wood-Laboratory/human-dna-repair-genes.html,2,DDR
REV3L,DNA polymerases (catalytic subunits),DNA Damage Repair Gene,https://www.mdanderson.org/documents/Labs/Wood-Laboratory/human-dna-repair-genes.html,2,DDR
MAD2L2,DNA polymerases (catalytic subunits),DNA Damage Repair Gene,https://www.mdanderson.org/documents/Labs/Wood-Laboratory/human-dna-repair-genes.html,2,DDR
REV1L,DNA polymerases (catalytic subunits),DNA Damage Repair Gene,https://www.mdanderson.org/documents/Labs/Wood-Laboratory/human-dna-repair-genes.html,2,DDR
POLH,DNA polymerases (catalytic subunits),DNA Damage Repair Gene,https://www.mdanderson.org/documents/Labs/Wood-Laboratory/human-dna-repair-genes.html,2,DDR
POLI,DNA polymerases (catalytic subunits),DNA Damage Repair Gene,https://www.mdanderson.org/documents/Labs/Wood-Laboratory/human-dna-repair-genes.html,2,DDR
POLQ,DNA polymerases (catalytic subunits),DNA Damage Repair Gene,https://www.mdanderson.org/documents/Labs/Wood-Laboratory/human-dna-repair-genes.html,2,DDR
POLK,DNA polymerases (catalytic subunits),DNA Damage Repair Gene,https://www.mdanderson.org/documents/Labs/Wood-Laboratory/human-dna-repair-genes.html,2,DDR
POLL,DNA polymerases (catalytic subunits),DNA Damage Repair Gene,https://www.mdanderson.org/documents/Labs/Wood-Laboratory/human-dna-repair-genes.html,2,DDR
POLM,DNA polymerases (catalytic subunits),DNA Damage Repair Gene,https://www.mdanderson.org/documents/Labs/Wood-Laboratory/human-dna-repair-genes.html,2,DDR
POLN,DNA polymerases (catalytic subunits),DNA Damage Repair Gene,https://www.mdanderson.org/documents/Labs/Wood-Laboratory/human-dna-repair-genes.html,2,DDR
FEN1,Editing and processing nucleases,DNA Damage Repair Gene,https://www.mdanderson.org/documents/Labs/Wood-Laboratory/human-dna-repair-genes.html,2,DDR
FAN1,Editing and processing nucleases,DNA Damage Repair Gene,https://www.mdanderson.org/documents/Labs/Wood-Laboratory/human-dna-repair-genes.html,2,DDR
TREX1,Editing and processing nucleases,DNA Damage Repair Gene,https://www.mdanderson.org/documents/Labs/Wood-Laboratory/human-dna-repair-genes.html,2,DDR
TREX2,Editing and processing nucleases,DNA Damage Repair Gene,https://www.mdanderson.org/documents/Labs/Wood-Laboratory/human-dna-repair-genes.html,2,DDR
EXO1,Editing and processing nucleases,DNA Damage Repair Gene,https://www.mdanderson.org/documents/Labs/Wood-Laboratory/human-dna-repair-genes.html,2,DDR
APTX,Editing and processing nucleases,DNA Damage Repair Gene,https://www.mdanderson.org/documents/Labs/Wood-Laboratory/human-dna-repair-genes.html,2,DDR
SPO11,Editing and processing nucleases,DNA Damage Repair Gene,https://www.mdanderson.org/documents/Labs/Wood-Laboratory/human-dna-repair-genes.html,2,DDR
ENDOV,Editing and processing nucleases,DNA Damage Repair Gene,https://www.mdanderson.org/documents/Labs/Wood-Laboratory/human-dna-repair-genes.html,2,DDR
UBE2A,Ubiquitination and modification,DNA Damage Repair Gene,https://www.mdanderson.org/documents/Labs/Wood-Laboratory/human-dna-repair-genes.html,2,DDR
UBE2B,Ubiquitination and modification,DNA Damage Repair Gene,https://www.mdanderson.org/documents/Labs/Wood-Laboratory/human-dna-repair-genes.html,2,DDR
RAD18,Ubiquitination and modification,DNA Damage Repair Gene,https://www.mdanderson.org/documents/Labs/Wood-Laboratory/human-dna-repair-genes.html,2,DDR
SHPRH,Ubiquitination and modification,DNA Damage Repair Gene,https://www.mdanderson.org/documents/Labs/Wood-Laboratory/human-dna-repair-genes.html,2,DDR
HLTF,Ubiquitination and modification,DNA Damage Repair Gene,https://www.mdanderson.org/documents/Labs/Wood-Laboratory/human-dna-repair-genes.html,2,DDR
RNF168,Ubiquitination and modification,DNA Damage Repair Gene,https://www.mdanderson.org/documents/Labs/Wood-Laboratory/human-dna-repair-genes.html,2,DDR
SPRTN,Ubiquitination and modification,DNA Damage Repair Gene,https://www.mdanderson.org/documents/Labs/Wood-Laboratory/human-dna-repair-genes.html,2,DDR
RNF8,Ubiquitination and modification,DNA Damage Repair Gene,https://www.mdanderson.org/documents/Labs/Wood-Laboratory/human-dna-repair-genes.html,2,DDR
RNF4,Ubiquitination and modification,DNA Damage Repair Gene,https://www.mdanderson.org/documents/Labs/Wood-Laboratory/human-dna-repair-genes.html,2,DDR
UBE2V2,Ubiquitination and modification,DNA Damage Repair Gene,https://www.mdanderson.org/documents/Labs/Wood-Laboratory/human-dna-repair-genes.html,2,DDR
UBE2N,Ubiquitination and modification,DNA Damage Repair Gene,https://www.mdanderson.org/documents/Labs/Wood-Laboratory/human-dna-repair-genes.html,2,DDR
H2AFX,Chromatin Structure and Modification,DNA Damage Repair Gene,https://www.mdanderson.org/documents/Labs/Wood-Laboratory/human-dna-repair-genes.html,2,DDR
CHAF1A,Chromatin Structure and Modification,DNA Damage Repair Gene,https://www.mdanderson.org/documents/Labs/Wood-Laboratory/human-dna-repair-genes.html,2,DDR
SETMAR,Chromatin Structure and Modification,DNA Damage Repair Gene,https://www.mdanderson.org/documents/Labs/Wood-Laboratory/human-dna-repair-genes.html,2,DDR
BLM,Genes defective in diseases associated with sensitivity to DNA damaging agents,DNA Damage Repair Gene,https://www.mdanderson.org/documents/Labs/Wood-Laboratory/human-dna-repair-genes.html,2,DDR
WRN,Genes defective in diseases associated with sensitivity to DNA damaging agents,DNA Damage Repair Gene,https://www.mdanderson.org/documents/Labs/Wood-Laboratory/human-dna-repair-genes.html,2,DDR
RECQL4,Genes defective in diseases associated with sensitivity to DNA damaging agents,DNA Damage Repair Gene,https://www.mdanderson.org/documents/Labs/Wood-Laboratory/human-dna-repair-genes.html,2,DDR
ATM,Genes defective in diseases associated with sensitivity to DNA damaging agents,DNA Damage Repair Gene,https://www.mdanderson.org/documents/Labs/Wood-Laboratory/human-dna-repair-genes.html,2,DDR
TTDN1,Genes defective in diseases associated with sensitivity to DNA damaging agents,DNA Damage Repair Gene,https://www.mdanderson.org/documents/Labs/Wood-Laboratory/human-dna-repair-genes.html,2,DDR
DCLRE1A,Other identified genes with known or suspected DNA repair function,DNA Damage Repair Gene,https://www.mdanderson.org/documents/Labs/Wood-Laboratory/human-dna-repair-genes.html,2,DDR
DCLRE1B,Other identified genes with known or suspected DNA repair function,DNA Damage Repair Gene,https://www.mdanderson.org/documents/Labs/Wood-Laboratory/human-dna-repair-genes.html,2,DDR
RPA4,Other identified genes with known or suspected DNA repair function,DNA Damage Repair Gene,https://www.mdanderson.org/documents/Labs/Wood-Laboratory/human-dna-repair-genes.html,2,DDR
PRPF19,Other identified genes with known or suspected DNA repair function,DNA Damage Repair Gene,https://www.mdanderson.org/documents/Labs/Wood-Laboratory/human-dna-repair-genes.html,2,DDR
RECQL,Other identified genes with known or suspected DNA repair function,DNA Damage Repair Gene,https://www.mdanderson.org/documents/Labs/Wood-Laboratory/human-dna-repair-genes.html,2,DDR
RECQL5,Other identified genes with known or suspected DNA repair function,DNA Damage Repair Gene,https://www.mdanderson.org/documents/Labs/Wood-Laboratory/human-dna-repair-genes.html,2,DDR
HELQ,Other identified genes with known or suspected DNA repair function,DNA Damage Repair Gene,https://www.mdanderson.org/documents/Labs/Wood-Laboratory/human-dna-repair-genes.html,2,DDR
RDM1,Other identified genes with known or suspected DNA repair function,DNA Damage Repair Gene,https://www.mdanderson.org/documents/Labs/Wood-Laboratory/human-dna-repair-genes.html,2,DDR
OBFC2B,Other identified genes with known or suspected DNA repair function,DNA Damage Repair Gene,https://www.mdanderson.org/documents/Labs/Wood-Laboratory/human-dna-repair-genes.html,2,DDR
ATR,Other conserved DNA damage response genes,DNA Damage Repair Gene,https://www.mdanderson.org/documents/Labs/Wood-Laboratory/human-dna-repair-genes.html,2,DDR
ATRIP,Other conserved DNA damage response genes,DNA Damage Repair Gene,https://www.mdanderson.org/documents/Labs/Wood-Laboratory/human-dna-repair-genes.html,2,DDR
MDC1,Other conserved DNA damage response genes,DNA Damage Repair Gene,https://www.mdanderson.org/documents/Labs/Wood-Laboratory/human-dna-repair-genes.html,2,DDR
RAD1,Other conserved DNA damage response genes,DNA Damage Repair Gene,https://www.mdanderson.org/documents/Labs/Wood-Laboratory/human-dna-repair-genes.html,2,DDR
RAD9A,Other conserved DNA damage response genes,DNA Damage Repair Gene,https://www.mdanderson.org/documents/Labs/Wood-Laboratory/human-dna-repair-genes.html,2,DDR
HUS1,Other conserved DNA damage response genes,DNA Damage Repair Gene,https://www.mdanderson.org/documents/Labs/Wood-Laboratory/human-dna-repair-genes.html,2,DDR
RAD17,Other conserved DNA damage response genes,DNA Damage Repair Gene,https://www.mdanderson.org/documents/Labs/Wood-Laboratory/human-dna-repair-genes.html,2,DDR
CHEK1,Other conserved DNA damage response genes,DNA Damage Repair Gene,https://www.mdanderson.org/documents/Labs/Wood-Laboratory/human-dna-repair-genes.html,2,DDR
CHEK2,Other conserved DNA damage response genes,DNA Damage Repair Gene,https://www.mdanderson.org/documents/Labs/Wood-Laboratory/human-dna-repair-genes.html,2,DDR
TP53,Other conserved DNA damage response genes,DNA Damage Repair Gene,https://www.mdanderson.org/documents/Labs/Wood-Laboratory/human-dna-repair-genes.html,2,DDR
TP53BP1,Other conserved DNA damage response genes,DNA Damage Repair Gene,https://www.mdanderson.org/documents/Labs/Wood-Laboratory/human-dna-repair-genes.html,2,DDR
RIF1,Other conserved DNA damage response genes,DNA Damage Repair Gene,https://www.mdanderson.org/documents/Labs/Wood-Laboratory/human-dna-repair-genes.html,2,DDR
TOPBP1,Other conserved DNA damage response genes,DNA Damage Repair Gene,https://www.mdanderson.org/documents/Labs/Wood-Laboratory/human-dna-repair-genes.html,2,DDR
CLK2,Other conserved DNA damage response genes,DNA Damage Repair Gene,https://www.mdanderson.org/documents/Labs/Wood-Laboratory/human-dna-repair-genes.html,2,DDR
PER1,Other conserved DNA damage response genes,DNA Damage Repair Gene,https://www.mdanderson.org/documents/Labs/Wood-Laboratory/human-dna-repair-genes.html,2,DDR
ACTA2,"Marfan Syndrome, Loeys-Dietz Syndromes, and Familial Thoracic Aortic Aneurysms and Dissections",Incidental findings that must be reported (ACMG),"Green, R. ACMG recommendations for reporting of incidental findings in clinical exome and genome sequencing. Genet Med. Jul;15(7):565-74 (2014).",4,ACMG
ACTC1,"Hypertrophic cardiomyopathy, Dilated cardiomyopathy",Incidental findings that must be reported (ACMG),"Green, R. ACMG recommendations for reporting of incidental findings in clinical exome and genome sequencing. Genet Med. Jul;15(7):565-74 (2014).",4,ACMG
APC,Familial adenomatous polyposis,Incidental findings that must be reported (ACMG),"Green, R. ACMG recommendations for reporting of incidental findings in clinical exome and genome sequencing. Genet Med. Jul;15(7):565-74 (2014).",4,ACMG
APOB,Familial hypercholesterolemia,Incidental findings that must be reported (ACMG),"Green, R. ACMG recommendations for reporting of incidental findings in clinical exome and genome sequencing. Genet Med. Jul;15(7):565-74 (2014).",4,ACMG
BRCA1,Hereditary Breast and Ovarian Cancer,Incidental findings that must be reported (ACMG),"Green, R. ACMG recommendations for reporting of incidental findings in clinical exome and genome sequencing. Genet Med. Jul;15(7):565-74 (2014).",4,ACMG
BRCA2,Hereditary Breast and Ovarian Cancer,Incidental findings that must be reported (ACMG),"Green, R. ACMG recommendations for reporting of incidental findings in clinical exome and genome sequencing. Genet Med. Jul;15(7):565-74 (2014).",4,ACMG
CACNA1S,Malignant hyperthermia susceptibility,Incidental findings that must be reported (ACMG),"Green, R. ACMG recommendations for reporting of incidental findings in clinical exome and genome sequencing. Genet Med. Jul;15(7):565-74 (2014).",4,ACMG
COL3A1,EDS - vascular type,Incidental findings that must be reported (ACMG),"Green, R. ACMG recommendations for reporting of incidental findings in clinical exome and genome sequencing. Genet Med. Jul;15(7):565-74 (2014).",4,ACMG
DSC2,Arrhythmogenic right ventricular cardiomyopathy,Incidental findings that must be reported (ACMG),"Green, R. ACMG recommendations for reporting of incidental findings in clinical exome and genome sequencing. Genet Med. Jul;15(7):565-74 (2014).",4,ACMG
DSG2,Arrhythmogenic right ventricular cardiomyopathy,Incidental findings that must be reported (ACMG),"Green, R. ACMG recommendations for reporting of incidental findings in clinical exome and genome sequencing. Genet Med. Jul;15(7):565-74 (2014).",4,ACMG
DSP,Arrhythmogenic right ventricular cardiomyopathy,Incidental findings that must be reported (ACMG),"Green, R. ACMG recommendations for reporting of incidental findings in clinical exome and genome sequencing. Genet Med. Jul;15(7):565-74 (2014).",4,ACMG
FBN1,"Marfan Syndrome, Loeys-Dietz Syndromes, and Familial Thoracic Aortic Aneurysms and Dissections",Incidental findings that must be reported (ACMG),"Green, R. ACMG recommendations for reporting of incidental findings in clinical exome and genome sequencing. Genet Med. Jul;15(7):565-74 (2014).",4,ACMG
GLA,"Hypertrophic cardiomyopathy, Dilated cardiomyopathy",Incidental findings that must be reported (ACMG),"Green, R. ACMG recommendations for reporting of incidental findings in clinical exome and genome sequencing. Genet Med. Jul;15(7):565-74 (2014).",4,ACMG
KCNH2,"Romano-Ward Long QT Syndromes Types 1, 2, and 3, Brugada Syndrome",Incidental findings that must be reported (ACMG),"Green, R. ACMG recommendations for reporting of incidental findings in clinical exome and genome sequencing. Genet Med. Jul;15(7):565-74 (2014).",4,ACMG
KCNQ1,"Romano-Ward Long QT Syndromes Types 1, 2, and 3, Brugada Syndrome",Incidental findings that must be reported (ACMG),"Green, R. ACMG recommendations for reporting of incidental findings in clinical exome and genome sequencing. Genet Med. Jul;15(7):565-74 (2014).",4,ACMG
LDLR,Familial hypercholesterolemia,Incidental findings that must be reported (ACMG),"Green, R. ACMG recommendations for reporting of incidental findings in clinical exome and genome sequencing. Genet Med. Jul;15(7):565-74 (2014).",4,ACMG
LMNA,"Hypertrophic cardiomyopathy, Dilated cardiomyopathy",Incidental findings that must be reported (ACMG),"Green, R. ACMG recommendations for reporting of incidental findings in clinical exome and genome sequencing. Genet Med. Jul;15(7):565-74 (2014).",4,ACMG
MEN1,Multiple Endocrine Neoplasia Type 1,Incidental findings that must be reported (ACMG),"Green, R. ACMG recommendations for reporting of incidental findings in clinical exome and genome sequencing. Genet Med. Jul;15(7):565-74 (2014).",4,ACMG
MLH1,Lynch Syndrome,Incidental findings that must be reported (ACMG),"Green, R. ACMG recommendations for reporting of incidental findings in clinical exome and genome sequencing. Genet Med. Jul;15(7):565-74 (2014).",4,ACMG
MSH2,Lynch Syndrome,Incidental findings that must be reported (ACMG),"Green, R. ACMG recommendations for reporting of incidental findings in clinical exome and genome sequencing. Genet Med. Jul;15(7):565-74 (2014).",4,ACMG
MSH6,Lynch Syndrome,Incidental findings that must be reported (ACMG),"Green, R. ACMG recommendations for reporting of incidental findings in clinical exome and genome sequencing. Genet Med. Jul;15(7):565-74 (2014).",4,ACMG
MUTYH,"MYH-Associated Polyposis; Adenomas, multiple colorectal, FAP type 2; Colorectal adenomatous polyposis, autosomal recessive, with pilomatricomas",Incidental findings that must be reported (ACMG),"Green, R. ACMG recommendations for reporting of incidental findings in clinical exome and genome sequencing. Genet Med. Jul;15(7):565-74 (2014).",4,ACMG
MYBPC3,"Hypertrophic cardiomyopathy, Dilated cardiomyopathy",Incidental findings that must be reported (ACMG),"Green, R. ACMG recommendations for reporting of incidental findings in clinical exome and genome sequencing. Genet Med. Jul;15(7):565-74 (2014).",4,ACMG
MYH11,"Marfan Syndrome, Loeys-Dietz Syndromes, and Familial Thoracic Aortic Aneurysms and Dissections",Incidental findings that must be reported (ACMG),"Green, R. ACMG recommendations for reporting of incidental findings in clinical exome and genome sequencing. Genet Med. Jul;15(7):565-74 (2014).",4,ACMG
MYH7,"Hypertrophic cardiomyopathy, Dilated cardiomyopathy",Incidental findings that must be reported (ACMG),"Green, R. ACMG recommendations for reporting of incidental findings in clinical exome and genome sequencing. Genet Med. Jul;15(7):565-74 (2014).",4,ACMG
MYL2,"Hypertrophic cardiomyopathy, Dilated cardiomyopathy",Incidental findings that must be reported (ACMG),"Green, R. ACMG recommendations for reporting of incidental findings in clinical exome and genome sequencing. Genet Med. Jul;15(7):565-74 (2014).",4,ACMG
MYL3,"Hypertrophic cardiomyopathy, Dilated cardiomyopathy",Incidental findings that must be reported (ACMG),"Green, R. ACMG recommendations for reporting of incidental findings in clinical exome and genome sequencing. Genet Med. Jul;15(7):565-74 (2014).",4,ACMG
MYLK,"Marfan Syndrome, Loeys-Dietz Syndromes, and Familial Thoracic Aortic Aneurysms and Dissections",Incidental findings that must be reported (ACMG),"Green, R. ACMG recommendations for reporting of incidental findings in clinical exome and genome sequencing. Genet Med. Jul;15(7):565-74 (2014).",4,ACMG
NF2,Neurofibromatosis type 2,Incidental findings that must be reported (ACMG),"Green, R. ACMG recommendations for reporting of incidental findings in clinical exome and genome sequencing. Genet Med. Jul;15(7):565-74 (2014).",4,ACMG
NTRK1,Familial Medullary Thyroid Cancer (FMTC),Incidental findings that must be reported (ACMG),"Green, R. ACMG recommendations for reporting of incidental findings in clinical exome and genome sequencing. Genet Med. Jul;15(7):565-74 (2014).",4,ACMG
PCSK9,Familial hypercholesterolemia,Incidental findings that must be reported (ACMG),"Green, R. ACMG recommendations for reporting of incidental findings in clinical exome and genome sequencing. Genet Med. Jul;15(7):565-74 (2014).",4,ACMG
PKP2,Arrhythmogenic right ventricular cardiomyopathy,Incidental findings that must be reported (ACMG),"Green, R. ACMG recommendations for reporting of incidental findings in clinical exome and genome sequencing. Genet Med. Jul;15(7):565-74 (2014).",4,ACMG
PMS2,Lynch Syndrome,Incidental findings that must be reported (ACMG),"Green, R. ACMG recommendations for reporting of incidental findings in clinical exome and genome sequencing. Genet Med. Jul;15(7):565-74 (2014).",4,ACMG
PRKAG2,"Hypertrophic cardiomyopathy, Dilated cardiomyopathy",Incidental findings that must be reported (ACMG),"Green, R. ACMG recommendations for reporting of incidental findings in clinical exome and genome sequencing. Genet Med. Jul;15(7):565-74 (2014).",4,ACMG
PTEN,PTEN Hamartoma Tumor Syndrome,Incidental findings that must be reported (ACMG),"Green, R. ACMG recommendations for reporting of incidental findings in clinical exome and genome sequencing. Genet Med. Jul;15(7):565-74 (2014).",4,ACMG
RB1,Retinoblastoma,Incidental findings that must be reported (ACMG),"Green, R. ACMG recommendations for reporting of incidental findings in clinical exome and genome sequencing. Genet Med. Jul;15(7):565-74 (2014).",4,ACMG
RET,Multiple Endocrine Neoplasia Type 2; Familial Medullary Thyroid Cancer (FMTC),Incidental findings that must be reported (ACMG),"Green, R. ACMG recommendations for reporting of incidental findings in clinical exome and genome sequencing. Genet Med. Jul;15(7):565-74 (2014).",4,ACMG
RYR1,Malignant hyperthermia susceptibility,Incidental findings that must be reported (ACMG),"Green, R. ACMG recommendations for reporting of incidental findings in clinical exome and genome sequencing. Genet Med. Jul;15(7):565-74 (2014).",4,ACMG
RYR2,Catecholaminergic polymorphic ventricular tachycardia,Incidental findings that must be reported (ACMG),"Green, R. ACMG recommendations for reporting of incidental findings in clinical exome and genome sequencing. Genet Med. Jul;15(7):565-74 (2014).",4,ACMG
SCN5A,"Romano-Ward Long QT Syndromes Types 1, 2, and 3, Brugada Syndrome",Incidental findings that must be reported (ACMG),"Green, R. ACMG recommendations for reporting of incidental findings in clinical exome and genome sequencing. Genet Med. Jul;15(7):565-74 (2014).",4,ACMG
SDHAF2,Hereditary Paraganglioma Pheochromocytoma Syndrome,Incidental findings that must be reported (ACMG),"Green, R. ACMG recommendations for reporting of incidental findings in clinical exome and genome sequencing. Genet Med. Jul;15(7):565-74 (2014).",4,ACMG
SDHB,Hereditary Paraganglioma Pheochromocytoma Syndrome,Incidental findings that must be reported (ACMG),"Green, R. ACMG recommendations for reporting of incidental findings in clinical exome and genome sequencing. Genet Med. Jul;15(7):565-74 (2014).",4,ACMG
SDHC,Hereditary Paraganglioma Pheochromocytoma Syndrome,Incidental findings that must be reported (ACMG),"Green, R. ACMG recommendations for reporting of incidental findings in clinical exome and genome sequencing. Genet Med. Jul;15(7):565-74 (2014).",4,ACMG
SDHD,Hereditary Paraganglioma Pheochromocytoma Syndrome,Incidental findings that must be reported (ACMG),"Green, R. ACMG recommendations for reporting of incidental findings in clinical exome and genome sequencing. Genet Med. Jul;15(7):565-74 (2014).",4,ACMG
SMAD3,"Marfan Syndrome, Loeys-Dietz Syndromes, and Familial Thoracic Aortic Aneurysms and Dissections",Incidental findings that must be reported (ACMG),"Green, R. ACMG recommendations for reporting of incidental findings in clinical exome and genome sequencing. Genet Med. Jul;15(7):565-74 (2014).",4,ACMG
STK11,Peutz-Jeghers Syndrome,Incidental findings that must be reported (ACMG),"Green, R. ACMG recommendations for reporting of incidental findings in clinical exome and genome sequencing. Genet Med. Jul;15(7):565-74 (2014).",4,ACMG
TGFBR1,"Marfan Syndrome, Loeys-Dietz Syndromes, and Familial Thoracic Aortic Aneurysms and Dissections",Incidental findings that must be reported (ACMG),"Green, R. ACMG recommendations for reporting of incidental findings in clinical exome and genome sequencing. Genet Med. Jul;15(7):565-74 (2014).",4,ACMG
TGFBR2,"Marfan Syndrome, Loeys-Dietz Syndromes, and Familial Thoracic Aortic Aneurysms and Dissections",Incidental findings that must be reported (ACMG),"Green, R. ACMG recommendations for reporting of incidental findings in clinical exome and genome sequencing. Genet Med. Jul;15(7):565-74 (2014).",4,ACMG
TMEM43,Arrhythmogenic right ventricular cardiomyopathy,Incidental findings that must be reported (ACMG),"Green, R. ACMG recommendations for reporting of incidental findings in clinical exome and genome sequencing. Genet Med. Jul;15(7):565-74 (2014).",4,ACMG
TNNI3,"Hypertrophic cardiomyopathy, Dilated cardiomyopathy",Incidental findings that must be reported (ACMG),"Green, R. ACMG recommendations for reporting of incidental findings in clinical exome and genome sequencing. Genet Med. Jul;15(7):565-74 (2014).",4,ACMG
TNNT2,"Hypertrophic cardiomyopathy, Dilated cardiomyopathy",Incidental findings that must be reported (ACMG),"Green, R. ACMG recommendations for reporting of incidental findings in clinical exome and genome sequencing. Genet Med. Jul;15(7):565-74 (2014).",4,ACMG
TP53,Li-Fraumeni Syndrome,Incidental findings that must be reported (ACMG),"Green, R. ACMG recommendations for reporting of incidental findings in clinical exome and genome sequencing. Genet Med. Jul;15(7):565-74 (2014).",4,ACMG
TPM1,"Hypertrophic cardiomyopathy, Dilated cardiomyopathy",Incidental findings that must be reported (ACMG),"Green, R. ACMG recommendations for reporting of incidental findings in clinical exome and genome sequencing. Genet Med. Jul;15(7):565-74 (2014).",4,ACMG
TSC1,Tuberous Sclerosis Complex,Incidental findings that must be reported (ACMG),"Green, R. ACMG recommendations for reporting of incidental findings in clinical exome and genome sequencing. Genet Med. Jul;15(7):565-74 (2014).",4,ACMG
TSC2,Tuberous Sclerosis Complex,Incidental findings that must be reported (ACMG),"Green, R. ACMG recommendations for reporting of incidental findings in clinical exome and genome sequencing. Genet Med. Jul;15(7):565-74 (2014).",4,ACMG
VHL,Von Hippel Lindau syndrome,Incidental findings that must be reported (ACMG),"Green, R. ACMG recommendations for reporting of incidental findings in clinical exome and genome sequencing. Genet Med. Jul;15(7):565-74 (2014).",4,ACMG
WT1,WT1-related Wilms tumor,Incidental findings that must be reported (ACMG),"Green, R. ACMG recommendations for reporting of incidental findings in clinical exome and genome sequencing. Genet Med. Jul;15(7):565-74 (2014).",4,ACMG
DMBT1,,Other Genes of Significance,,5,OTH